{"cameraMode":{"drawMode":0,"name":"Shaded","section":"Shading Mode"},"sceneLighting":false,"audioPlay":false,"sceneViewState":{"m_AlwaysRefresh":false,"showFog":true,"showSkybox":false,"showFlares":true,"showImageEffects":true,"showParticleSystems":true,"showVisualEffectGraphs":true,"m_FxEnabled":true},"in2DMode":false,"pivot":{"x":-9.014713287353516,"y":4.863932132720947,"z":-10.764281272888184},"rotation":{"x":-0.33536434173583987,"y":-0.15261560678482057,"z":0.054469890892505649,"w":-0.9276150465011597},"size":0.8660253882408142,"orthographic":false}